{"keras_version": "2.2.4", "backend": "tensorflow", "class_name": "Model", "config": {"output_layers": [["dense_1", 0, 0]], "name": "model_1", "layers": [{"config": {"batch_input_shape": [null, 224, 224, 3], "sparse": false, "dtype": "float32", "name": "input_1"}, "inbound_nodes": [], "name": "input_1", "class_name": "InputLayer"}, {"config": {"padding": [[0, 1], [0, 1]], "trainable": true, "name": "Conv1_pad", "data_format": "channels_last"}, "inbound_nodes": [[["input_1", 0, 0, {}]]], "name": "Conv1_pad", "class_name": "ZeroPadding2D"}, {"config": {"kernel_size": [3, 3], "kernel_initializer": {"class_name": "VarianceScaling", "config": {"seed": null, "distribution": "uniform", "scale": 1.0, "mode": "fan_avg"}}, "activity_regularizer": null, "bias_constraint": null, "kernel_constraint": null, "kernel_regularizer": null, "dilation_rate": [1, 1], "data_format": "channels_last", "filters": 32, "strides": [2, 2], "use_bias": false, "name": "Conv1", "trainable": true, "bias_initializer": {"class_name": "Zeros", "config": {}}, "bias_regularizer": null, "padding": "valid", "activation": "linear"}, "inbound_nodes": [[["Conv1_pad", 0, 0, {}]]], "name": "Conv1", "class_name": "Conv2D"}, {"config": {"scale": true, "beta_constraint": null, "center": true, "axis": -1, "beta_initializer": {"class_name": "Zeros", "config": {}}, "gamma_constraint": null, "trainable": true, "name": "bn_Conv1", "moving_mean_initializer": {"class_name": "Zeros", "config": {}}, "moving_variance_initializer": {"class_name": "Ones", "config": {}}, "momentum": 0.999, "gamma_regularizer": null, "beta_regularizer": null, "epsilon": 0.001, "gamma_initializer": {"class_name": "Ones", "config": {}}}, "inbound_nodes": [[["Conv1", 0, 0, {}]]], "name": "bn_Conv1", "class_name": "BatchNormalization"}, {"config": {"max_value": 6.0, "negative_slope": 0.0, "threshold": 0.0, "trainable": true, "name": "Conv1_relu"}, "inbound_nodes": [[["bn_Conv1", 0, 0, {}]]], "name": "Conv1_relu", "class_name": "ReLU"}, {"config": {"kernel_size": [3, 3], "activation": "linear", "activity_regularizer": null, "padding": "same", "strides": [1, 1], "depthwise_regularizer": null, "dilation_rate": [1, 1], "data_format": "channels_last", "bias_constraint": null, "use_bias": false, "name": "expanded_conv_depthwise", "depthwise_initializer": {"class_name": "VarianceScaling", "config": {"seed": null, "distribution": "uniform", "scale": 1.0, "mode": "fan_avg"}}, "bias_initializer": {"class_name": "Zeros", "config": {}}, "bias_regularizer": null, "depthwise_constraint": null, "trainable": true, "depth_multiplier": 1}, "inbound_nodes": [[["Conv1_relu", 0, 0, {}]]], "name": "expanded_conv_depthwise", "class_name": "DepthwiseConv2D"}, {"config": {"scale": true, "beta_constraint": null, "center": true, "axis": -1, "beta_initializer": {"class_name": "Zeros", "config": {}}, "gamma_constraint": null, "trainable": true, "name": "expanded_conv_depthwise_BN", "moving_mean_initializer": {"class_name": "Zeros", "config": {}}, "moving_variance_initializer": {"class_name": "Ones", "config": {}}, "momentum": 0.999, "gamma_regularizer": null, "beta_regularizer": null, "epsilon": 0.001, "gamma_initializer": {"class_name": "Ones", "config": {}}}, "inbound_nodes": [[["expanded_conv_depthwise", 0, 0, {}]]], "name": "expanded_conv_depthwise_BN", "class_name": "BatchNormalization"}, {"config": {"max_value": 6.0, "negative_slope": 0.0, "threshold": 0.0, "trainable": true, "name": "expanded_conv_depthwise_relu"}, "inbound_nodes": [[["expanded_conv_depthwise_BN", 0, 0, {}]]], "name": "expanded_conv_depthwise_relu", "class_name": "ReLU"}, {"config": {"kernel_size": [1, 1], "kernel_initializer": {"class_name": "VarianceScaling", "config": {"seed": null, "distribution": "uniform", "scale": 1.0, "mode": "fan_avg"}}, "activity_regularizer": null, "bias_constraint": null, "kernel_constraint": null, "kernel_regularizer": null, "dilation_rate": [1, 1], "data_format": "channels_last", "filters": 16, "strides": [1, 1], "use_bias": false, "name": "expanded_conv_project", "trainable": true, "bias_initializer": {"class_name": "Zeros", "config": {}}, "bias_regularizer": null, "padding": "same", "activation": "linear"}, "inbound_nodes": [[["expanded_conv_depthwise_relu", 0, 0, {}]]], "name": "expanded_conv_project", "class_name": "Conv2D"}, {"config": {"scale": true, "beta_constraint": null, "center": true, "axis": -1, "beta_initializer": {"class_name": "Zeros", "config": {}}, "gamma_constraint": null, "trainable": true, "name": "expanded_conv_project_BN", "moving_mean_initializer": {"class_name": "Zeros", "config": {}}, "moving_variance_initializer": {"class_name": "Ones", "config": {}}, "momentum": 0.999, "gamma_regularizer": null, "beta_regularizer": null, "epsilon": 0.001, "gamma_initializer": {"class_name": "Ones", "config": {}}}, "inbound_nodes": [[["expanded_conv_project", 0, 0, {}]]], "name": "expanded_conv_project_BN", "class_name": "BatchNormalization"}, {"config": {"kernel_size": [1, 1], "kernel_initializer": {"class_name": "VarianceScaling", "config": {"seed": null, "distribution": "uniform", "scale": 1.0, "mode": "fan_avg"}}, "activity_regularizer": null, "bias_constraint": null, "kernel_constraint": null, "kernel_regularizer": null, "dilation_rate": [1, 1], "data_format": "channels_last", "filters": 96, "strides": [1, 1], "use_bias": false, "name": "block_1_expand", "trainable": true, "bias_initializer": {"class_name": "Zeros", "config": {}}, "bias_regularizer": null, "padding": "same", "activation": "linear"}, "inbound_nodes": [[["expanded_conv_project_BN", 0, 0, {}]]], "name": "block_1_expand", "class_name": "Conv2D"}, {"config": {"scale": true, "beta_constraint": null, "center": true, "axis": -1, "beta_initializer": {"class_name": "Zeros", "config": {}}, "gamma_constraint": null, "trainable": true, "name": "block_1_expand_BN", "moving_mean_initializer": {"class_name": "Zeros", "config": {}}, "moving_variance_initializer": {"class_name": "Ones", "config": {}}, "momentum": 0.999, "gamma_regularizer": null, "beta_regularizer": null, "epsilon": 0.001, "gamma_initializer": {"class_name": "Ones", "config": {}}}, "inbound_nodes": [[["block_1_expand", 0, 0, {}]]], "name": "block_1_expand_BN", "class_name": "BatchNormalization"}, {"config": {"max_value": 6.0, "negative_slope": 0.0, "threshold": 0.0, "trainable": true, "name": "block_1_expand_relu"}, "inbound_nodes": [[["block_1_expand_BN", 0, 0, {}]]], "name": "block_1_expand_relu", "class_name": "ReLU"}, {"config": {"padding": [[0, 1], [0, 1]], "trainable": true, "name": "block_1_pad", "data_format": "channels_last"}, "inbound_nodes": [[["block_1_expand_relu", 0, 0, {}]]], "name": "block_1_pad", "class_name": "ZeroPadding2D"}, {"config": {"kernel_size": [3, 3], "activation": "linear", "activity_regularizer": null, "padding": "valid", "strides": [2, 2], "depthwise_regularizer": null, "dilation_rate": [1, 1], "data_format": "channels_last", "bias_constraint": null, "use_bias": false, "name": "block_1_depthwise", "depthwise_initializer": {"class_name": "VarianceScaling", "config": {"seed": null, "distribution": "uniform", "scale": 1.0, "mode": "fan_avg"}}, "bias_initializer": {"class_name": "Zeros", "config": {}}, "bias_regularizer": null, "depthwise_constraint": null, "trainable": true, "depth_multiplier": 1}, "inbound_nodes": [[["block_1_pad", 0, 0, {}]]], "name": "block_1_depthwise", "class_name": "DepthwiseConv2D"}, {"config": {"scale": true, "beta_constraint": null, "center": true, "axis": -1, "beta_initializer": {"class_name": "Zeros", "config": {}}, "gamma_constraint": null, "trainable": true, "name": "block_1_depthwise_BN", "moving_mean_initializer": {"class_name": "Zeros", "config": {}}, "moving_variance_initializer": {"class_name": "Ones", "config": {}}, "momentum": 0.999, "gamma_regularizer": null, "beta_regularizer": null, "epsilon": 0.001, "gamma_initializer": {"class_name": "Ones", "config": {}}}, "inbound_nodes": [[["block_1_depthwise", 0, 0, {}]]], "name": "block_1_depthwise_BN", "class_name": "BatchNormalization"}, {"config": {"max_value": 6.0, "negative_slope": 0.0, "threshold": 0.0, "trainable": true, "name": "block_1_depthwise_relu"}, "inbound_nodes": [[["block_1_depthwise_BN", 0, 0, {}]]], "name": "block_1_depthwise_relu", "class_name": "ReLU"}, {"config": {"kernel_size": [1, 1], "kernel_initializer": {"class_name": "VarianceScaling", "config": {"seed": null, "distribution": "uniform", "scale": 1.0, "mode": "fan_avg"}}, "activity_regularizer": null, "bias_constraint": null, "kernel_constraint": null, "kernel_regularizer": null, "dilation_rate": [1, 1], "data_format": "channels_last", "filters": 24, "strides": [1, 1], "use_bias": false, "name": "block_1_project", "trainable": true, "bias_initializer": {"class_name": "Zeros", "config": {}}, "bias_regularizer": null, "padding": "same", "activation": "linear"}, "inbound_nodes": [[["block_1_depthwise_relu", 0, 0, {}]]], "name": "block_1_project", "class_name": "Conv2D"}, {"config": {"scale": true, "beta_constraint": null, "center": true, "axis": -1, "beta_initializer": {"class_name": "Zeros", "config": {}}, "gamma_constraint": null, "trainable": true, "name": "block_1_project_BN", "moving_mean_initializer": {"class_name": "Zeros", "config": {}}, "moving_variance_initializer": {"class_name": "Ones", "config": {}}, "momentum": 0.999, "gamma_regularizer": null, "beta_regularizer": null, "epsilon": 0.001, "gamma_initializer": {"class_name": "Ones", "config": {}}}, "inbound_nodes": [[["block_1_project", 0, 0, {}]]], "name": "block_1_project_BN", "class_name": "BatchNormalization"}, {"config": {"kernel_size": [1, 1], "kernel_initializer": {"class_name": "VarianceScaling", "config": {"seed": null, "distribution": "uniform", "scale": 1.0, "mode": "fan_avg"}}, "activity_regularizer": null, "bias_constraint": null, "kernel_constraint": null, "kernel_regularizer": null, "dilation_rate": [1, 1], "data_format": "channels_last", "filters": 144, "strides": [1, 1], "use_bias": false, "name": "block_2_expand", "trainable": true, "bias_initializer": {"class_name": "Zeros", "config": {}}, "bias_regularizer": null, "padding": "same", "activation": "linear"}, "inbound_nodes": [[["block_1_project_BN", 0, 0, {}]]], "name": "block_2_expand", "class_name": "Conv2D"}, {"config": {"scale": true, "beta_constraint": null, "center": true, "axis": -1, "beta_initializer": {"class_name": "Zeros", "config": {}}, "gamma_constraint": null, "trainable": true, "name": "block_2_expand_BN", "moving_mean_initializer": {"class_name": "Zeros", "config": {}}, "moving_variance_initializer": {"class_name": "Ones", "config": {}}, "momentum": 0.999, "gamma_regularizer": null, "beta_regularizer": null, "epsilon": 0.001, "gamma_initializer": {"class_name": "Ones", "config": {}}}, "inbound_nodes": [[["block_2_expand", 0, 0, {}]]], "name": "block_2_expand_BN", "class_name": "BatchNormalization"}, {"config": {"max_value": 6.0, "negative_slope": 0.0, "threshold": 0.0, "trainable": true, "name": "block_2_expand_relu"}, "inbound_nodes": [[["block_2_expand_BN", 0, 0, {}]]], "name": "block_2_expand_relu", "class_name": "ReLU"}, {"config": {"kernel_size": [3, 3], "activation": "linear", "activity_regularizer": null, "padding": "same", "strides": [1, 1], "depthwise_regularizer": null, "dilation_rate": [1, 1], "data_format": "channels_last", "bias_constraint": null, "use_bias": false, "name": "block_2_depthwise", "depthwise_initializer": {"class_name": "VarianceScaling", "config": {"seed": null, "distribution": "uniform", "scale": 1.0, "mode": "fan_avg"}}, "bias_initializer": {"class_name": "Zeros", "config": {}}, "bias_regularizer": null, "depthwise_constraint": null, "trainable": true, "depth_multiplier": 1}, "inbound_nodes": [[["block_2_expand_relu", 0, 0, {}]]], "name": "block_2_depthwise", "class_name": "DepthwiseConv2D"}, {"config": {"scale": true, "beta_constraint": null, "center": true, "axis": -1, "beta_initializer": {"class_name": "Zeros", "config": {}}, "gamma_constraint": null, "trainable": true, "name": "block_2_depthwise_BN", "moving_mean_initializer": {"class_name": "Zeros", "config": {}}, "moving_variance_initializer": {"class_name": "Ones", "config": {}}, "momentum": 0.999, "gamma_regularizer": null, "beta_regularizer": null, "epsilon": 0.001, "gamma_initializer": {"class_name": "Ones", "config": {}}}, "inbound_nodes": [[["block_2_depthwise", 0, 0, {}]]], "name": "block_2_depthwise_BN", "class_name": "BatchNormalization"}, {"config": {"max_value": 6.0, "negative_slope": 0.0, "threshold": 0.0, "trainable": true, "name": "block_2_depthwise_relu"}, "inbound_nodes": [[["block_2_depthwise_BN", 0, 0, {}]]], "name": "block_2_depthwise_relu", "class_name": "ReLU"}, {"config": {"kernel_size": [1, 1], "kernel_initializer": {"class_name": "VarianceScaling", "config": {"seed": null, "distribution": "uniform", "scale": 1.0, "mode": "fan_avg"}}, "activity_regularizer": null, "bias_constraint": null, "kernel_constraint": null, "kernel_regularizer": null, "dilation_rate": [1, 1], "data_format": "channels_last", "filters": 24, "strides": [1, 1], "use_bias": false, "name": "block_2_project", "trainable": true, "bias_initializer": {"class_name": "Zeros", "config": {}}, "bias_regularizer": null, "padding": "same", "activation": "linear"}, "inbound_nodes": [[["block_2_depthwise_relu", 0, 0, {}]]], "name": "block_2_project", "class_name": "Conv2D"}, {"config": {"scale": true, "beta_constraint": null, "center": true, "axis": -1, "beta_initializer": {"class_name": "Zeros", "config": {}}, "gamma_constraint": null, "trainable": true, "name": "block_2_project_BN", "moving_mean_initializer": {"class_name": "Zeros", "config": {}}, "moving_variance_initializer": {"class_name": "Ones", "config": {}}, "momentum": 0.999, "gamma_regularizer": null, "beta_regularizer": null, "epsilon": 0.001, "gamma_initializer": {"class_name": "Ones", "config": {}}}, "inbound_nodes": [[["block_2_project", 0, 0, {}]]], "name": "block_2_project_BN", "class_name": "BatchNormalization"}, {"config": {"name": "block_2_add", "trainable": true}, "inbound_nodes": [[["block_1_project_BN", 0, 0, {}], ["block_2_project_BN", 0, 0, {}]]], "name": "block_2_add", "class_name": "Add"}, {"config": {"kernel_size": [1, 1], "kernel_initializer": {"class_name": "VarianceScaling", "config": {"seed": null, "distribution": "uniform", "scale": 1.0, "mode": "fan_avg"}}, "activity_regularizer": null, "bias_constraint": null, "kernel_constraint": null, "kernel_regularizer": null, "dilation_rate": [1, 1], "data_format": "channels_last", "filters": 144, "strides": [1, 1], "use_bias": false, "name": "block_3_expand", "trainable": true, "bias_initializer": {"class_name": "Zeros", "config": {}}, "bias_regularizer": null, "padding": "same", "activation": "linear"}, "inbound_nodes": [[["block_2_add", 0, 0, {}]]], "name": "block_3_expand", "class_name": "Conv2D"}, {"config": {"scale": true, "beta_constraint": null, "center": true, "axis": -1, "beta_initializer": {"class_name": "Zeros", "config": {}}, "gamma_constraint": null, "trainable": true, "name": "block_3_expand_BN", "moving_mean_initializer": {"class_name": "Zeros", "config": {}}, "moving_variance_initializer": {"class_name": "Ones", "config": {}}, "momentum": 0.999, "gamma_regularizer": null, "beta_regularizer": null, "epsilon": 0.001, "gamma_initializer": {"class_name": "Ones", "config": {}}}, "inbound_nodes": [[["block_3_expand", 0, 0, {}]]], "name": "block_3_expand_BN", "class_name": "BatchNormalization"}, {"config": {"max_value": 6.0, "negative_slope": 0.0, "threshold": 0.0, "trainable": true, "name": "block_3_expand_relu"}, "inbound_nodes": [[["block_3_expand_BN", 0, 0, {}]]], "name": "block_3_expand_relu", "class_name": "ReLU"}, {"config": {"padding": [[0, 1], [0, 1]], "trainable": true, "name": "block_3_pad", "data_format": "channels_last"}, "inbound_nodes": [[["block_3_expand_relu", 0, 0, {}]]], "name": "block_3_pad", "class_name": "ZeroPadding2D"}, {"config": {"kernel_size": [3, 3], "activation": "linear", "activity_regularizer": null, "padding": "valid", "strides": [2, 2], "depthwise_regularizer": null, "dilation_rate": [1, 1], "data_format": "channels_last", "bias_constraint": null, "use_bias": false, "name": "block_3_depthwise", "depthwise_initializer": {"class_name": "VarianceScaling", "config": {"seed": null, "distribution": "uniform", "scale": 1.0, "mode": "fan_avg"}}, "bias_initializer": {"class_name": "Zeros", "config": {}}, "bias_regularizer": null, "depthwise_constraint": null, "trainable": true, "depth_multiplier": 1}, "inbound_nodes": [[["block_3_pad", 0, 0, {}]]], "name": "block_3_depthwise", "class_name": "DepthwiseConv2D"}, {"config": {"scale": true, "beta_constraint": null, "center": true, "axis": -1, "beta_initializer": {"class_name": "Zeros", "config": {}}, "gamma_constraint": null, "trainable": true, "name": "block_3_depthwise_BN", "moving_mean_initializer": {"class_name": "Zeros", "config": {}}, "moving_variance_initializer": {"class_name": "Ones", "config": {}}, "momentum": 0.999, "gamma_regularizer": null, "beta_regularizer": null, "epsilon": 0.001, "gamma_initializer": {"class_name": "Ones", "config": {}}}, "inbound_nodes": [[["block_3_depthwise", 0, 0, {}]]], "name": "block_3_depthwise_BN", "class_name": "BatchNormalization"}, {"config": {"max_value": 6.0, "negative_slope": 0.0, "threshold": 0.0, "trainable": true, "name": "block_3_depthwise_relu"}, "inbound_nodes": [[["block_3_depthwise_BN", 0, 0, {}]]], "name": "block_3_depthwise_relu", "class_name": "ReLU"}, {"config": {"kernel_size": [1, 1], "kernel_initializer": {"class_name": "VarianceScaling", "config": {"seed": null, "distribution": "uniform", "scale": 1.0, "mode": "fan_avg"}}, "activity_regularizer": null, "bias_constraint": null, "kernel_constraint": null, "kernel_regularizer": null, "dilation_rate": [1, 1], "data_format": "channels_last", "filters": 32, "strides": [1, 1], "use_bias": false, "name": "block_3_project", "trainable": true, "bias_initializer": {"class_name": "Zeros", "config": {}}, "bias_regularizer": null, "padding": "same", "activation": "linear"}, "inbound_nodes": [[["block_3_depthwise_relu", 0, 0, {}]]], "name": "block_3_project", "class_name": "Conv2D"}, {"config": {"scale": true, "beta_constraint": null, "center": true, "axis": -1, "beta_initializer": {"class_name": "Zeros", "config": {}}, "gamma_constraint": null, "trainable": true, "name": "block_3_project_BN", "moving_mean_initializer": {"class_name": "Zeros", "config": {}}, "moving_variance_initializer": {"class_name": "Ones", "config": {}}, "momentum": 0.999, "gamma_regularizer": null, "beta_regularizer": null, "epsilon": 0.001, "gamma_initializer": {"class_name": "Ones", "config": {}}}, "inbound_nodes": [[["block_3_project", 0, 0, {}]]], "name": "block_3_project_BN", "class_name": "BatchNormalization"}, {"config": {"kernel_size": [1, 1], "kernel_initializer": {"class_name": "VarianceScaling", "config": {"seed": null, "distribution": "uniform", "scale": 1.0, "mode": "fan_avg"}}, "activity_regularizer": null, "bias_constraint": null, "kernel_constraint": null, "kernel_regularizer": null, "dilation_rate": [1, 1], "data_format": "channels_last", "filters": 192, "strides": [1, 1], "use_bias": false, "name": "block_4_expand", "trainable": true, "bias_initializer": {"class_name": "Zeros", "config": {}}, "bias_regularizer": null, "padding": "same", "activation": "linear"}, "inbound_nodes": [[["block_3_project_BN", 0, 0, {}]]], "name": "block_4_expand", "class_name": "Conv2D"}, {"config": {"scale": true, "beta_constraint": null, "center": true, "axis": -1, "beta_initializer": {"class_name": "Zeros", "config": {}}, "gamma_constraint": null, "trainable": true, "name": "block_4_expand_BN", "moving_mean_initializer": {"class_name": "Zeros", "config": {}}, "moving_variance_initializer": {"class_name": "Ones", "config": {}}, "momentum": 0.999, "gamma_regularizer": null, "beta_regularizer": null, "epsilon": 0.001, "gamma_initializer": {"class_name": "Ones", "config": {}}}, "inbound_nodes": [[["block_4_expand", 0, 0, {}]]], "name": "block_4_expand_BN", "class_name": "BatchNormalization"}, {"config": {"max_value": 6.0, "negative_slope": 0.0, "threshold": 0.0, "trainable": true, "name": "block_4_expand_relu"}, "inbound_nodes": [[["block_4_expand_BN", 0, 0, {}]]], "name": "block_4_expand_relu", "class_name": "ReLU"}, {"config": {"kernel_size": [3, 3], "activation": "linear", "activity_regularizer": null, "padding": "same", "strides": [1, 1], "depthwise_regularizer": null, "dilation_rate": [1, 1], "data_format": "channels_last", "bias_constraint": null, "use_bias": false, "name": "block_4_depthwise", "depthwise_initializer": {"class_name": "VarianceScaling", "config": {"seed": null, "distribution": "uniform", "scale": 1.0, "mode": "fan_avg"}}, "bias_initializer": {"class_name": "Zeros", "config": {}}, "bias_regularizer": null, "depthwise_constraint": null, "trainable": true, "depth_multiplier": 1}, "inbound_nodes": [[["block_4_expand_relu", 0, 0, {}]]], "name": "block_4_depthwise", "class_name": "DepthwiseConv2D"}, {"config": {"scale": true, "beta_constraint": null, "center": true, "axis": -1, "beta_initializer": {"class_name": "Zeros", "config": {}}, "gamma_constraint": null, "trainable": true, "name": "block_4_depthwise_BN", "moving_mean_initializer": {"class_name": "Zeros", "config": {}}, "moving_variance_initializer": {"class_name": "Ones", "config": {}}, "momentum": 0.999, "gamma_regularizer": null, "beta_regularizer": null, "epsilon": 0.001, "gamma_initializer": {"class_name": "Ones", "config": {}}}, "inbound_nodes": [[["block_4_depthwise", 0, 0, {}]]], "name": "block_4_depthwise_BN", "class_name": "BatchNormalization"}, {"config": {"max_value": 6.0, "negative_slope": 0.0, "threshold": 0.0, "trainable": true, "name": "block_4_depthwise_relu"}, "inbound_nodes": [[["block_4_depthwise_BN", 0, 0, {}]]], "name": "block_4_depthwise_relu", "class_name": "ReLU"}, {"config": {"kernel_size": [1, 1], "kernel_initializer": {"class_name": "VarianceScaling", "config": {"seed": null, "distribution": "uniform", "scale": 1.0, "mode": "fan_avg"}}, "activity_regularizer": null, "bias_constraint": null, "kernel_constraint": null, "kernel_regularizer": null, "dilation_rate": [1, 1], "data_format": "channels_last", "filters": 32, "strides": [1, 1], "use_bias": false, "name": "block_4_project", "trainable": true, "bias_initializer": {"class_name": "Zeros", "config": {}}, "bias_regularizer": null, "padding": "same", "activation": "linear"}, "inbound_nodes": [[["block_4_depthwise_relu", 0, 0, {}]]], "name": "block_4_project", "class_name": "Conv2D"}, {"config": {"scale": true, "beta_constraint": null, "center": true, "axis": -1, "beta_initializer": {"class_name": "Zeros", "config": {}}, "gamma_constraint": null, "trainable": true, "name": "block_4_project_BN", "moving_mean_initializer": {"class_name": "Zeros", "config": {}}, "moving_variance_initializer": {"class_name": "Ones", "config": {}}, "momentum": 0.999, "gamma_regularizer": null, "beta_regularizer": null, "epsilon": 0.001, "gamma_initializer": {"class_name": "Ones", "config": {}}}, "inbound_nodes": [[["block_4_project", 0, 0, {}]]], "name": "block_4_project_BN", "class_name": "BatchNormalization"}, {"config": {"name": "block_4_add", "trainable": true}, "inbound_nodes": [[["block_3_project_BN", 0, 0, {}], ["block_4_project_BN", 0, 0, {}]]], "name": "block_4_add", "class_name": "Add"}, {"config": {"kernel_size": [1, 1], "kernel_initializer": {"class_name": "VarianceScaling", "config": {"seed": null, "distribution": "uniform", "scale": 1.0, "mode": "fan_avg"}}, "activity_regularizer": null, "bias_constraint": null, "kernel_constraint": null, "kernel_regularizer": null, "dilation_rate": [1, 1], "data_format": "channels_last", "filters": 192, "strides": [1, 1], "use_bias": false, "name": "block_5_expand", "trainable": true, "bias_initializer": {"class_name": "Zeros", "config": {}}, "bias_regularizer": null, "padding": "same", "activation": "linear"}, "inbound_nodes": [[["block_4_add", 0, 0, {}]]], "name": "block_5_expand", "class_name": "Conv2D"}, {"config": {"scale": true, "beta_constraint": null, "center": true, "axis": -1, "beta_initializer": {"class_name": "Zeros", "config": {}}, "gamma_constraint": null, "trainable": true, "name": "block_5_expand_BN", "moving_mean_initializer": {"class_name": "Zeros", "config": {}}, "moving_variance_initializer": {"class_name": "Ones", "config": {}}, "momentum": 0.999, "gamma_regularizer": null, "beta_regularizer": null, "epsilon": 0.001, "gamma_initializer": {"class_name": "Ones", "config": {}}}, "inbound_nodes": [[["block_5_expand", 0, 0, {}]]], "name": "block_5_expand_BN", "class_name": "BatchNormalization"}, {"config": {"max_value": 6.0, "negative_slope": 0.0, "threshold": 0.0, "trainable": true, "name": "block_5_expand_relu"}, "inbound_nodes": [[["block_5_expand_BN", 0, 0, {}]]], "name": "block_5_expand_relu", "class_name": "ReLU"}, {"config": {"kernel_size": [3, 3], "activation": "linear", "activity_regularizer": null, "padding": "same", "strides": [1, 1], "depthwise_regularizer": null, "dilation_rate": [1, 1], "data_format": "channels_last", "bias_constraint": null, "use_bias": false, "name": "block_5_depthwise", "depthwise_initializer": {"class_name": "VarianceScaling", "config": {"seed": null, "distribution": "uniform", "scale": 1.0, "mode": "fan_avg"}}, "bias_initializer": {"class_name": "Zeros", "config": {}}, "bias_regularizer": null, "depthwise_constraint": null, "trainable": true, "depth_multiplier": 1}, "inbound_nodes": [[["block_5_expand_relu", 0, 0, {}]]], "name": "block_5_depthwise", "class_name": "DepthwiseConv2D"}, {"config": {"scale": true, "beta_constraint": null, "center": true, "axis": -1, "beta_initializer": {"class_name": "Zeros", "config": {}}, "gamma_constraint": null, "trainable": true, "name": "block_5_depthwise_BN", "moving_mean_initializer": {"class_name": "Zeros", "config": {}}, "moving_variance_initializer": {"class_name": "Ones", "config": {}}, "momentum": 0.999, "gamma_regularizer": null, "beta_regularizer": null, "epsilon": 0.001, "gamma_initializer": {"class_name": "Ones", "config": {}}}, "inbound_nodes": [[["block_5_depthwise", 0, 0, {}]]], "name": "block_5_depthwise_BN", "class_name": "BatchNormalization"}, {"config": {"max_value": 6.0, "negative_slope": 0.0, "threshold": 0.0, "trainable": true, "name": "block_5_depthwise_relu"}, "inbound_nodes": [[["block_5_depthwise_BN", 0, 0, {}]]], "name": "block_5_depthwise_relu", "class_name": "ReLU"}, {"config": {"kernel_size": [1, 1], "kernel_initializer": {"class_name": "VarianceScaling", "config": {"seed": null, "distribution": "uniform", "scale": 1.0, "mode": "fan_avg"}}, "activity_regularizer": null, "bias_constraint": null, "kernel_constraint": null, "kernel_regularizer": null, "dilation_rate": [1, 1], "data_format": "channels_last", "filters": 32, "strides": [1, 1], "use_bias": false, "name": "block_5_project", "trainable": true, "bias_initializer": {"class_name": "Zeros", "config": {}}, "bias_regularizer": null, "padding": "same", "activation": "linear"}, "inbound_nodes": [[["block_5_depthwise_relu", 0, 0, {}]]], "name": "block_5_project", "class_name": "Conv2D"}, {"config": {"scale": true, "beta_constraint": null, "center": true, "axis": -1, "beta_initializer": {"class_name": "Zeros", "config": {}}, "gamma_constraint": null, "trainable": true, "name": "block_5_project_BN", "moving_mean_initializer": {"class_name": "Zeros", "config": {}}, "moving_variance_initializer": {"class_name": "Ones", "config": {}}, "momentum": 0.999, "gamma_regularizer": null, "beta_regularizer": null, "epsilon": 0.001, "gamma_initializer": {"class_name": "Ones", "config": {}}}, "inbound_nodes": [[["block_5_project", 0, 0, {}]]], "name": "block_5_project_BN", "class_name": "BatchNormalization"}, {"config": {"name": "block_5_add", "trainable": true}, "inbound_nodes": [[["block_4_add", 0, 0, {}], ["block_5_project_BN", 0, 0, {}]]], "name": "block_5_add", "class_name": "Add"}, {"config": {"kernel_size": [1, 1], "kernel_initializer": {"class_name": "VarianceScaling", "config": {"seed": null, "distribution": "uniform", "scale": 1.0, "mode": "fan_avg"}}, "activity_regularizer": null, "bias_constraint": null, "kernel_constraint": null, "kernel_regularizer": null, "dilation_rate": [1, 1], "data_format": "channels_last", "filters": 192, "strides": [1, 1], "use_bias": false, "name": "block_6_expand", "trainable": true, "bias_initializer": {"class_name": "Zeros", "config": {}}, "bias_regularizer": null, "padding": "same", "activation": "linear"}, "inbound_nodes": [[["block_5_add", 0, 0, {}]]], "name": "block_6_expand", "class_name": "Conv2D"}, {"config": {"scale": true, "beta_constraint": null, "center": true, "axis": -1, "beta_initializer": {"class_name": "Zeros", "config": {}}, "gamma_constraint": null, "trainable": true, "name": "block_6_expand_BN", "moving_mean_initializer": {"class_name": "Zeros", "config": {}}, "moving_variance_initializer": {"class_name": "Ones", "config": {}}, "momentum": 0.999, "gamma_regularizer": null, "beta_regularizer": null, "epsilon": 0.001, "gamma_initializer": {"class_name": "Ones", "config": {}}}, "inbound_nodes": [[["block_6_expand", 0, 0, {}]]], "name": "block_6_expand_BN", "class_name": "BatchNormalization"}, {"config": {"max_value": 6.0, "negative_slope": 0.0, "threshold": 0.0, "trainable": true, "name": "block_6_expand_relu"}, "inbound_nodes": [[["block_6_expand_BN", 0, 0, {}]]], "name": "block_6_expand_relu", "class_name": "ReLU"}, {"config": {"padding": [[0, 1], [0, 1]], "trainable": true, "name": "block_6_pad", "data_format": "channels_last"}, "inbound_nodes": [[["block_6_expand_relu", 0, 0, {}]]], "name": "block_6_pad", "class_name": "ZeroPadding2D"}, {"config": {"kernel_size": [3, 3], "activation": "linear", "activity_regularizer": null, "padding": "valid", "strides": [2, 2], "depthwise_regularizer": null, "dilation_rate": [1, 1], "data_format": "channels_last", "bias_constraint": null, "use_bias": false, "name": "block_6_depthwise", "depthwise_initializer": {"class_name": "VarianceScaling", "config": {"seed": null, "distribution": "uniform", "scale": 1.0, "mode": "fan_avg"}}, "bias_initializer": {"class_name": "Zeros", "config": {}}, "bias_regularizer": null, "depthwise_constraint": null, "trainable": true, "depth_multiplier": 1}, "inbound_nodes": [[["block_6_pad", 0, 0, {}]]], "name": "block_6_depthwise", "class_name": "DepthwiseConv2D"}, {"config": {"scale": true, "beta_constraint": null, "center": true, "axis": -1, "beta_initializer": {"class_name": "Zeros", "config": {}}, "gamma_constraint": null, "trainable": true, "name": "block_6_depthwise_BN", "moving_mean_initializer": {"class_name": "Zeros", "config": {}}, "moving_variance_initializer": {"class_name": "Ones", "config": {}}, "momentum": 0.999, "gamma_regularizer": null, "beta_regularizer": null, "epsilon": 0.001, "gamma_initializer": {"class_name": "Ones", "config": {}}}, "inbound_nodes": [[["block_6_depthwise", 0, 0, {}]]], "name": "block_6_depthwise_BN", "class_name": "BatchNormalization"}, {"config": {"max_value": 6.0, "negative_slope": 0.0, "threshold": 0.0, "trainable": true, "name": "block_6_depthwise_relu"}, "inbound_nodes": [[["block_6_depthwise_BN", 0, 0, {}]]], "name": "block_6_depthwise_relu", "class_name": "ReLU"}, {"config": {"kernel_size": [1, 1], "kernel_initializer": {"class_name": "VarianceScaling", "config": {"seed": null, "distribution": "uniform", "scale": 1.0, "mode": "fan_avg"}}, "activity_regularizer": null, "bias_constraint": null, "kernel_constraint": null, "kernel_regularizer": null, "dilation_rate": [1, 1], "data_format": "channels_last", "filters": 64, "strides": [1, 1], "use_bias": false, "name": "block_6_project", "trainable": true, "bias_initializer": {"class_name": "Zeros", "config": {}}, "bias_regularizer": null, "padding": "same", "activation": "linear"}, "inbound_nodes": [[["block_6_depthwise_relu", 0, 0, {}]]], "name": "block_6_project", "class_name": "Conv2D"}, {"config": {"scale": true, "beta_constraint": null, "center": true, "axis": -1, "beta_initializer": {"class_name": "Zeros", "config": {}}, "gamma_constraint": null, "trainable": true, "name": "block_6_project_BN", "moving_mean_initializer": {"class_name": "Zeros", "config": {}}, "moving_variance_initializer": {"class_name": "Ones", "config": {}}, "momentum": 0.999, "gamma_regularizer": null, "beta_regularizer": null, "epsilon": 0.001, "gamma_initializer": {"class_name": "Ones", "config": {}}}, "inbound_nodes": [[["block_6_project", 0, 0, {}]]], "name": "block_6_project_BN", "class_name": "BatchNormalization"}, {"config": {"kernel_size": [1, 1], "kernel_initializer": {"class_name": "VarianceScaling", "config": {"seed": null, "distribution": "uniform", "scale": 1.0, "mode": "fan_avg"}}, "activity_regularizer": null, "bias_constraint": null, "kernel_constraint": null, "kernel_regularizer": null, "dilation_rate": [1, 1], "data_format": "channels_last", "filters": 384, "strides": [1, 1], "use_bias": false, "name": "block_7_expand", "trainable": true, "bias_initializer": {"class_name": "Zeros", "config": {}}, "bias_regularizer": null, "padding": "same", "activation": "linear"}, "inbound_nodes": [[["block_6_project_BN", 0, 0, {}]]], "name": "block_7_expand", "class_name": "Conv2D"}, {"config": {"scale": true, "beta_constraint": null, "center": true, "axis": -1, "beta_initializer": {"class_name": "Zeros", "config": {}}, "gamma_constraint": null, "trainable": true, "name": "block_7_expand_BN", "moving_mean_initializer": {"class_name": "Zeros", "config": {}}, "moving_variance_initializer": {"class_name": "Ones", "config": {}}, "momentum": 0.999, "gamma_regularizer": null, "beta_regularizer": null, "epsilon": 0.001, "gamma_initializer": {"class_name": "Ones", "config": {}}}, "inbound_nodes": [[["block_7_expand", 0, 0, {}]]], "name": "block_7_expand_BN", "class_name": "BatchNormalization"}, {"config": {"max_value": 6.0, "negative_slope": 0.0, "threshold": 0.0, "trainable": true, "name": "block_7_expand_relu"}, "inbound_nodes": [[["block_7_expand_BN", 0, 0, {}]]], "name": "block_7_expand_relu", "class_name": "ReLU"}, {"config": {"kernel_size": [3, 3], "activation": "linear", "activity_regularizer": null, "padding": "same", "strides": [1, 1], "depthwise_regularizer": null, "dilation_rate": [1, 1], "data_format": "channels_last", "bias_constraint": null, "use_bias": false, "name": "block_7_depthwise", "depthwise_initializer": {"class_name": "VarianceScaling", "config": {"seed": null, "distribution": "uniform", "scale": 1.0, "mode": "fan_avg"}}, "bias_initializer": {"class_name": "Zeros", "config": {}}, "bias_regularizer": null, "depthwise_constraint": null, "trainable": true, "depth_multiplier": 1}, "inbound_nodes": [[["block_7_expand_relu", 0, 0, {}]]], "name": "block_7_depthwise", "class_name": "DepthwiseConv2D"}, {"config": {"scale": true, "beta_constraint": null, "center": true, "axis": -1, "beta_initializer": {"class_name": "Zeros", "config": {}}, "gamma_constraint": null, "trainable": true, "name": "block_7_depthwise_BN", "moving_mean_initializer": {"class_name": "Zeros", "config": {}}, "moving_variance_initializer": {"class_name": "Ones", "config": {}}, "momentum": 0.999, "gamma_regularizer": null, "beta_regularizer": null, "epsilon": 0.001, "gamma_initializer": {"class_name": "Ones", "config": {}}}, "inbound_nodes": [[["block_7_depthwise", 0, 0, {}]]], "name": "block_7_depthwise_BN", "class_name": "BatchNormalization"}, {"config": {"max_value": 6.0, "negative_slope": 0.0, "threshold": 0.0, "trainable": true, "name": "block_7_depthwise_relu"}, "inbound_nodes": [[["block_7_depthwise_BN", 0, 0, {}]]], "name": "block_7_depthwise_relu", "class_name": "ReLU"}, {"config": {"kernel_size": [1, 1], "kernel_initializer": {"class_name": "VarianceScaling", "config": {"seed": null, "distribution": "uniform", "scale": 1.0, "mode": "fan_avg"}}, "activity_regularizer": null, "bias_constraint": null, "kernel_constraint": null, "kernel_regularizer": null, "dilation_rate": [1, 1], "data_format": "channels_last", "filters": 64, "strides": [1, 1], "use_bias": false, "name": "block_7_project", "trainable": true, "bias_initializer": {"class_name": "Zeros", "config": {}}, "bias_regularizer": null, "padding": "same", "activation": "linear"}, "inbound_nodes": [[["block_7_depthwise_relu", 0, 0, {}]]], "name": "block_7_project", "class_name": "Conv2D"}, {"config": {"scale": true, "beta_constraint": null, "center": true, "axis": -1, "beta_initializer": {"class_name": "Zeros", "config": {}}, "gamma_constraint": null, "trainable": true, "name": "block_7_project_BN", "moving_mean_initializer": {"class_name": "Zeros", "config": {}}, "moving_variance_initializer": {"class_name": "Ones", "config": {}}, "momentum": 0.999, "gamma_regularizer": null, "beta_regularizer": null, "epsilon": 0.001, "gamma_initializer": {"class_name": "Ones", "config": {}}}, "inbound_nodes": [[["block_7_project", 0, 0, {}]]], "name": "block_7_project_BN", "class_name": "BatchNormalization"}, {"config": {"name": "block_7_add", "trainable": true}, "inbound_nodes": [[["block_6_project_BN", 0, 0, {}], ["block_7_project_BN", 0, 0, {}]]], "name": "block_7_add", "class_name": "Add"}, {"config": {"kernel_size": [1, 1], "kernel_initializer": {"class_name": "VarianceScaling", "config": {"seed": null, "distribution": "uniform", "scale": 1.0, "mode": "fan_avg"}}, "activity_regularizer": null, "bias_constraint": null, "kernel_constraint": null, "kernel_regularizer": null, "dilation_rate": [1, 1], "data_format": "channels_last", "filters": 384, "strides": [1, 1], "use_bias": false, "name": "block_8_expand", "trainable": true, "bias_initializer": {"class_name": "Zeros", "config": {}}, "bias_regularizer": null, "padding": "same", "activation": "linear"}, "inbound_nodes": [[["block_7_add", 0, 0, {}]]], "name": "block_8_expand", "class_name": "Conv2D"}, {"config": {"scale": true, "beta_constraint": null, "center": true, "axis": -1, "beta_initializer": {"class_name": "Zeros", "config": {}}, "gamma_constraint": null, "trainable": true, "name": "block_8_expand_BN", "moving_mean_initializer": {"class_name": "Zeros", "config": {}}, "moving_variance_initializer": {"class_name": "Ones", "config": {}}, "momentum": 0.999, "gamma_regularizer": null, "beta_regularizer": null, "epsilon": 0.001, "gamma_initializer": {"class_name": "Ones", "config": {}}}, "inbound_nodes": [[["block_8_expand", 0, 0, {}]]], "name": "block_8_expand_BN", "class_name": "BatchNormalization"}, {"config": {"max_value": 6.0, "negative_slope": 0.0, "threshold": 0.0, "trainable": true, "name": "block_8_expand_relu"}, "inbound_nodes": [[["block_8_expand_BN", 0, 0, {}]]], "name": "block_8_expand_relu", "class_name": "ReLU"}, {"config": {"kernel_size": [3, 3], "activation": "linear", "activity_regularizer": null, "padding": "same", "strides": [1, 1], "depthwise_regularizer": null, "dilation_rate": [1, 1], "data_format": "channels_last", "bias_constraint": null, "use_bias": false, "name": "block_8_depthwise", "depthwise_initializer": {"class_name": "VarianceScaling", "config": {"seed": null, "distribution": "uniform", "scale": 1.0, "mode": "fan_avg"}}, "bias_initializer": {"class_name": "Zeros", "config": {}}, "bias_regularizer": null, "depthwise_constraint": null, "trainable": true, "depth_multiplier": 1}, "inbound_nodes": [[["block_8_expand_relu", 0, 0, {}]]], "name": "block_8_depthwise", "class_name": "DepthwiseConv2D"}, {"config": {"scale": true, "beta_constraint": null, "center": true, "axis": -1, "beta_initializer": {"class_name": "Zeros", "config": {}}, "gamma_constraint": null, "trainable": true, "name": "block_8_depthwise_BN", "moving_mean_initializer": {"class_name": "Zeros", "config": {}}, "moving_variance_initializer": {"class_name": "Ones", "config": {}}, "momentum": 0.999, "gamma_regularizer": null, "beta_regularizer": null, "epsilon": 0.001, "gamma_initializer": {"class_name": "Ones", "config": {}}}, "inbound_nodes": [[["block_8_depthwise", 0, 0, {}]]], "name": "block_8_depthwise_BN", "class_name": "BatchNormalization"}, {"config": {"max_value": 6.0, "negative_slope": 0.0, "threshold": 0.0, "trainable": true, "name": "block_8_depthwise_relu"}, "inbound_nodes": [[["block_8_depthwise_BN", 0, 0, {}]]], "name": "block_8_depthwise_relu", "class_name": "ReLU"}, {"config": {"kernel_size": [1, 1], "kernel_initializer": {"class_name": "VarianceScaling", "config": {"seed": null, "distribution": "uniform", "scale": 1.0, "mode": "fan_avg"}}, "activity_regularizer": null, "bias_constraint": null, "kernel_constraint": null, "kernel_regularizer": null, "dilation_rate": [1, 1], "data_format": "channels_last", "filters": 64, "strides": [1, 1], "use_bias": false, "name": "block_8_project", "trainable": true, "bias_initializer": {"class_name": "Zeros", "config": {}}, "bias_regularizer": null, "padding": "same", "activation": "linear"}, "inbound_nodes": [[["block_8_depthwise_relu", 0, 0, {}]]], "name": "block_8_project", "class_name": "Conv2D"}, {"config": {"scale": true, "beta_constraint": null, "center": true, "axis": -1, "beta_initializer": {"class_name": "Zeros", "config": {}}, "gamma_constraint": null, "trainable": true, "name": "block_8_project_BN", "moving_mean_initializer": {"class_name": "Zeros", "config": {}}, "moving_variance_initializer": {"class_name": "Ones", "config": {}}, "momentum": 0.999, "gamma_regularizer": null, "beta_regularizer": null, "epsilon": 0.001, "gamma_initializer": {"class_name": "Ones", "config": {}}}, "inbound_nodes": [[["block_8_project", 0, 0, {}]]], "name": "block_8_project_BN", "class_name": "BatchNormalization"}, {"config": {"name": "block_8_add", "trainable": true}, "inbound_nodes": [[["block_7_add", 0, 0, {}], ["block_8_project_BN", 0, 0, {}]]], "name": "block_8_add", "class_name": "Add"}, {"config": {"kernel_size": [1, 1], "kernel_initializer": {"class_name": "VarianceScaling", "config": {"seed": null, "distribution": "uniform", "scale": 1.0, "mode": "fan_avg"}}, "activity_regularizer": null, "bias_constraint": null, "kernel_constraint": null, "kernel_regularizer": null, "dilation_rate": [1, 1], "data_format": "channels_last", "filters": 384, "strides": [1, 1], "use_bias": false, "name": "block_9_expand", "trainable": true, "bias_initializer": {"class_name": "Zeros", "config": {}}, "bias_regularizer": null, "padding": "same", "activation": "linear"}, "inbound_nodes": [[["block_8_add", 0, 0, {}]]], "name": "block_9_expand", "class_name": "Conv2D"}, {"config": {"scale": true, "beta_constraint": null, "center": true, "axis": -1, "beta_initializer": {"class_name": "Zeros", "config": {}}, "gamma_constraint": null, "trainable": true, "name": "block_9_expand_BN", "moving_mean_initializer": {"class_name": "Zeros", "config": {}}, "moving_variance_initializer": {"class_name": "Ones", "config": {}}, "momentum": 0.999, "gamma_regularizer": null, "beta_regularizer": null, "epsilon": 0.001, "gamma_initializer": {"class_name": "Ones", "config": {}}}, "inbound_nodes": [[["block_9_expand", 0, 0, {}]]], "name": "block_9_expand_BN", "class_name": "BatchNormalization"}, {"config": {"max_value": 6.0, "negative_slope": 0.0, "threshold": 0.0, "trainable": true, "name": "block_9_expand_relu"}, "inbound_nodes": [[["block_9_expand_BN", 0, 0, {}]]], "name": "block_9_expand_relu", "class_name": "ReLU"}, {"config": {"kernel_size": [3, 3], "activation": "linear", "activity_regularizer": null, "padding": "same", "strides": [1, 1], "depthwise_regularizer": null, "dilation_rate": [1, 1], "data_format": "channels_last", "bias_constraint": null, "use_bias": false, "name": "block_9_depthwise", "depthwise_initializer": {"class_name": "VarianceScaling", "config": {"seed": null, "distribution": "uniform", "scale": 1.0, "mode": "fan_avg"}}, "bias_initializer": {"class_name": "Zeros", "config": {}}, "bias_regularizer": null, "depthwise_constraint": null, "trainable": true, "depth_multiplier": 1}, "inbound_nodes": [[["block_9_expand_relu", 0, 0, {}]]], "name": "block_9_depthwise", "class_name": "DepthwiseConv2D"}, {"config": {"scale": true, "beta_constraint": null, "center": true, "axis": -1, "beta_initializer": {"class_name": "Zeros", "config": {}}, "gamma_constraint": null, "trainable": true, "name": "block_9_depthwise_BN", "moving_mean_initializer": {"class_name": "Zeros", "config": {}}, "moving_variance_initializer": {"class_name": "Ones", "config": {}}, "momentum": 0.999, "gamma_regularizer": null, "beta_regularizer": null, "epsilon": 0.001, "gamma_initializer": {"class_name": "Ones", "config": {}}}, "inbound_nodes": [[["block_9_depthwise", 0, 0, {}]]], "name": "block_9_depthwise_BN", "class_name": "BatchNormalization"}, {"config": {"max_value": 6.0, "negative_slope": 0.0, "threshold": 0.0, "trainable": true, "name": "block_9_depthwise_relu"}, "inbound_nodes": [[["block_9_depthwise_BN", 0, 0, {}]]], "name": "block_9_depthwise_relu", "class_name": "ReLU"}, {"config": {"kernel_size": [1, 1], "kernel_initializer": {"class_name": "VarianceScaling", "config": {"seed": null, "distribution": "uniform", "scale": 1.0, "mode": "fan_avg"}}, "activity_regularizer": null, "bias_constraint": null, "kernel_constraint": null, "kernel_regularizer": null, "dilation_rate": [1, 1], "data_format": "channels_last", "filters": 64, "strides": [1, 1], "use_bias": false, "name": "block_9_project", "trainable": true, "bias_initializer": {"class_name": "Zeros", "config": {}}, "bias_regularizer": null, "padding": "same", "activation": "linear"}, "inbound_nodes": [[["block_9_depthwise_relu", 0, 0, {}]]], "name": "block_9_project", "class_name": "Conv2D"}, {"config": {"scale": true, "beta_constraint": null, "center": true, "axis": -1, "beta_initializer": {"class_name": "Zeros", "config": {}}, "gamma_constraint": null, "trainable": true, "name": "block_9_project_BN", "moving_mean_initializer": {"class_name": "Zeros", "config": {}}, "moving_variance_initializer": {"class_name": "Ones", "config": {}}, "momentum": 0.999, "gamma_regularizer": null, "beta_regularizer": null, "epsilon": 0.001, "gamma_initializer": {"class_name": "Ones", "config": {}}}, "inbound_nodes": [[["block_9_project", 0, 0, {}]]], "name": "block_9_project_BN", "class_name": "BatchNormalization"}, {"config": {"name": "block_9_add", "trainable": true}, "inbound_nodes": [[["block_8_add", 0, 0, {}], ["block_9_project_BN", 0, 0, {}]]], "name": "block_9_add", "class_name": "Add"}, {"config": {"kernel_size": [1, 1], "kernel_initializer": {"class_name": "VarianceScaling", "config": {"seed": null, "distribution": "uniform", "scale": 1.0, "mode": "fan_avg"}}, "activity_regularizer": null, "bias_constraint": null, "kernel_constraint": null, "kernel_regularizer": null, "dilation_rate": [1, 1], "data_format": "channels_last", "filters": 384, "strides": [1, 1], "use_bias": false, "name": "block_10_expand", "trainable": true, "bias_initializer": {"class_name": "Zeros", "config": {}}, "bias_regularizer": null, "padding": "same", "activation": "linear"}, "inbound_nodes": [[["block_9_add", 0, 0, {}]]], "name": "block_10_expand", "class_name": "Conv2D"}, {"config": {"scale": true, "beta_constraint": null, "center": true, "axis": -1, "beta_initializer": {"class_name": "Zeros", "config": {}}, "gamma_constraint": null, "trainable": true, "name": "block_10_expand_BN", "moving_mean_initializer": {"class_name": "Zeros", "config": {}}, "moving_variance_initializer": {"class_name": "Ones", "config": {}}, "momentum": 0.999, "gamma_regularizer": null, "beta_regularizer": null, "epsilon": 0.001, "gamma_initializer": {"class_name": "Ones", "config": {}}}, "inbound_nodes": [[["block_10_expand", 0, 0, {}]]], "name": "block_10_expand_BN", "class_name": "BatchNormalization"}, {"config": {"max_value": 6.0, "negative_slope": 0.0, "threshold": 0.0, "trainable": true, "name": "block_10_expand_relu"}, "inbound_nodes": [[["block_10_expand_BN", 0, 0, {}]]], "name": "block_10_expand_relu", "class_name": "ReLU"}, {"config": {"kernel_size": [3, 3], "activation": "linear", "activity_regularizer": null, "padding": "same", "strides": [1, 1], "depthwise_regularizer": null, "dilation_rate": [1, 1], "data_format": "channels_last", "bias_constraint": null, "use_bias": false, "name": "block_10_depthwise", "depthwise_initializer": {"class_name": "VarianceScaling", "config": {"seed": null, "distribution": "uniform", "scale": 1.0, "mode": "fan_avg"}}, "bias_initializer": {"class_name": "Zeros", "config": {}}, "bias_regularizer": null, "depthwise_constraint": null, "trainable": true, "depth_multiplier": 1}, "inbound_nodes": [[["block_10_expand_relu", 0, 0, {}]]], "name": "block_10_depthwise", "class_name": "DepthwiseConv2D"}, {"config": {"scale": true, "beta_constraint": null, "center": true, "axis": -1, "beta_initializer": {"class_name": "Zeros", "config": {}}, "gamma_constraint": null, "trainable": true, "name": "block_10_depthwise_BN", "moving_mean_initializer": {"class_name": "Zeros", "config": {}}, "moving_variance_initializer": {"class_name": "Ones", "config": {}}, "momentum": 0.999, "gamma_regularizer": null, "beta_regularizer": null, "epsilon": 0.001, "gamma_initializer": {"class_name": "Ones", "config": {}}}, "inbound_nodes": [[["block_10_depthwise", 0, 0, {}]]], "name": "block_10_depthwise_BN", "class_name": "BatchNormalization"}, {"config": {"max_value": 6.0, "negative_slope": 0.0, "threshold": 0.0, "trainable": true, "name": "block_10_depthwise_relu"}, "inbound_nodes": [[["block_10_depthwise_BN", 0, 0, {}]]], "name": "block_10_depthwise_relu", "class_name": "ReLU"}, {"config": {"kernel_size": [1, 1], "kernel_initializer": {"class_name": "VarianceScaling", "config": {"seed": null, "distribution": "uniform", "scale": 1.0, "mode": "fan_avg"}}, "activity_regularizer": null, "bias_constraint": null, "kernel_constraint": null, "kernel_regularizer": null, "dilation_rate": [1, 1], "data_format": "channels_last", "filters": 96, "strides": [1, 1], "use_bias": false, "name": "block_10_project", "trainable": true, "bias_initializer": {"class_name": "Zeros", "config": {}}, "bias_regularizer": null, "padding": "same", "activation": "linear"}, "inbound_nodes": [[["block_10_depthwise_relu", 0, 0, {}]]], "name": "block_10_project", "class_name": "Conv2D"}, {"config": {"scale": true, "beta_constraint": null, "center": true, "axis": -1, "beta_initializer": {"class_name": "Zeros", "config": {}}, "gamma_constraint": null, "trainable": true, "name": "block_10_project_BN", "moving_mean_initializer": {"class_name": "Zeros", "config": {}}, "moving_variance_initializer": {"class_name": "Ones", "config": {}}, "momentum": 0.999, "gamma_regularizer": null, "beta_regularizer": null, "epsilon": 0.001, "gamma_initializer": {"class_name": "Ones", "config": {}}}, "inbound_nodes": [[["block_10_project", 0, 0, {}]]], "name": "block_10_project_BN", "class_name": "BatchNormalization"}, {"config": {"kernel_size": [1, 1], "kernel_initializer": {"class_name": "VarianceScaling", "config": {"seed": null, "distribution": "uniform", "scale": 1.0, "mode": "fan_avg"}}, "activity_regularizer": null, "bias_constraint": null, "kernel_constraint": null, "kernel_regularizer": null, "dilation_rate": [1, 1], "data_format": "channels_last", "filters": 576, "strides": [1, 1], "use_bias": false, "name": "block_11_expand", "trainable": true, "bias_initializer": {"class_name": "Zeros", "config": {}}, "bias_regularizer": null, "padding": "same", "activation": "linear"}, "inbound_nodes": [[["block_10_project_BN", 0, 0, {}]]], "name": "block_11_expand", "class_name": "Conv2D"}, {"config": {"scale": true, "beta_constraint": null, "center": true, "axis": -1, "beta_initializer": {"class_name": "Zeros", "config": {}}, "gamma_constraint": null, "trainable": true, "name": "block_11_expand_BN", "moving_mean_initializer": {"class_name": "Zeros", "config": {}}, "moving_variance_initializer": {"class_name": "Ones", "config": {}}, "momentum": 0.999, "gamma_regularizer": null, "beta_regularizer": null, "epsilon": 0.001, "gamma_initializer": {"class_name": "Ones", "config": {}}}, "inbound_nodes": [[["block_11_expand", 0, 0, {}]]], "name": "block_11_expand_BN", "class_name": "BatchNormalization"}, {"config": {"max_value": 6.0, "negative_slope": 0.0, "threshold": 0.0, "trainable": true, "name": "block_11_expand_relu"}, "inbound_nodes": [[["block_11_expand_BN", 0, 0, {}]]], "name": "block_11_expand_relu", "class_name": "ReLU"}, {"config": {"kernel_size": [3, 3], "activation": "linear", "activity_regularizer": null, "padding": "same", "strides": [1, 1], "depthwise_regularizer": null, "dilation_rate": [1, 1], "data_format": "channels_last", "bias_constraint": null, "use_bias": false, "name": "block_11_depthwise", "depthwise_initializer": {"class_name": "VarianceScaling", "config": {"seed": null, "distribution": "uniform", "scale": 1.0, "mode": "fan_avg"}}, "bias_initializer": {"class_name": "Zeros", "config": {}}, "bias_regularizer": null, "depthwise_constraint": null, "trainable": true, "depth_multiplier": 1}, "inbound_nodes": [[["block_11_expand_relu", 0, 0, {}]]], "name": "block_11_depthwise", "class_name": "DepthwiseConv2D"}, {"config": {"scale": true, "beta_constraint": null, "center": true, "axis": -1, "beta_initializer": {"class_name": "Zeros", "config": {}}, "gamma_constraint": null, "trainable": true, "name": "block_11_depthwise_BN", "moving_mean_initializer": {"class_name": "Zeros", "config": {}}, "moving_variance_initializer": {"class_name": "Ones", "config": {}}, "momentum": 0.999, "gamma_regularizer": null, "beta_regularizer": null, "epsilon": 0.001, "gamma_initializer": {"class_name": "Ones", "config": {}}}, "inbound_nodes": [[["block_11_depthwise", 0, 0, {}]]], "name": "block_11_depthwise_BN", "class_name": "BatchNormalization"}, {"config": {"max_value": 6.0, "negative_slope": 0.0, "threshold": 0.0, "trainable": true, "name": "block_11_depthwise_relu"}, "inbound_nodes": [[["block_11_depthwise_BN", 0, 0, {}]]], "name": "block_11_depthwise_relu", "class_name": "ReLU"}, {"config": {"kernel_size": [1, 1], "kernel_initializer": {"class_name": "VarianceScaling", "config": {"seed": null, "distribution": "uniform", "scale": 1.0, "mode": "fan_avg"}}, "activity_regularizer": null, "bias_constraint": null, "kernel_constraint": null, "kernel_regularizer": null, "dilation_rate": [1, 1], "data_format": "channels_last", "filters": 96, "strides": [1, 1], "use_bias": false, "name": "block_11_project", "trainable": true, "bias_initializer": {"class_name": "Zeros", "config": {}}, "bias_regularizer": null, "padding": "same", "activation": "linear"}, "inbound_nodes": [[["block_11_depthwise_relu", 0, 0, {}]]], "name": "block_11_project", "class_name": "Conv2D"}, {"config": {"scale": true, "beta_constraint": null, "center": true, "axis": -1, "beta_initializer": {"class_name": "Zeros", "config": {}}, "gamma_constraint": null, "trainable": true, "name": "block_11_project_BN", "moving_mean_initializer": {"class_name": "Zeros", "config": {}}, "moving_variance_initializer": {"class_name": "Ones", "config": {}}, "momentum": 0.999, "gamma_regularizer": null, "beta_regularizer": null, "epsilon": 0.001, "gamma_initializer": {"class_name": "Ones", "config": {}}}, "inbound_nodes": [[["block_11_project", 0, 0, {}]]], "name": "block_11_project_BN", "class_name": "BatchNormalization"}, {"config": {"name": "block_11_add", "trainable": true}, "inbound_nodes": [[["block_10_project_BN", 0, 0, {}], ["block_11_project_BN", 0, 0, {}]]], "name": "block_11_add", "class_name": "Add"}, {"config": {"kernel_size": [1, 1], "kernel_initializer": {"class_name": "VarianceScaling", "config": {"seed": null, "distribution": "uniform", "scale": 1.0, "mode": "fan_avg"}}, "activity_regularizer": null, "bias_constraint": null, "kernel_constraint": null, "kernel_regularizer": null, "dilation_rate": [1, 1], "data_format": "channels_last", "filters": 576, "strides": [1, 1], "use_bias": false, "name": "block_12_expand", "trainable": true, "bias_initializer": {"class_name": "Zeros", "config": {}}, "bias_regularizer": null, "padding": "same", "activation": "linear"}, "inbound_nodes": [[["block_11_add", 0, 0, {}]]], "name": "block_12_expand", "class_name": "Conv2D"}, {"config": {"scale": true, "beta_constraint": null, "center": true, "axis": -1, "beta_initializer": {"class_name": "Zeros", "config": {}}, "gamma_constraint": null, "trainable": true, "name": "block_12_expand_BN", "moving_mean_initializer": {"class_name": "Zeros", "config": {}}, "moving_variance_initializer": {"class_name": "Ones", "config": {}}, "momentum": 0.999, "gamma_regularizer": null, "beta_regularizer": null, "epsilon": 0.001, "gamma_initializer": {"class_name": "Ones", "config": {}}}, "inbound_nodes": [[["block_12_expand", 0, 0, {}]]], "name": "block_12_expand_BN", "class_name": "BatchNormalization"}, {"config": {"max_value": 6.0, "negative_slope": 0.0, "threshold": 0.0, "trainable": true, "name": "block_12_expand_relu"}, "inbound_nodes": [[["block_12_expand_BN", 0, 0, {}]]], "name": "block_12_expand_relu", "class_name": "ReLU"}, {"config": {"kernel_size": [3, 3], "activation": "linear", "activity_regularizer": null, "padding": "same", "strides": [1, 1], "depthwise_regularizer": null, "dilation_rate": [1, 1], "data_format": "channels_last", "bias_constraint": null, "use_bias": false, "name": "block_12_depthwise", "depthwise_initializer": {"class_name": "VarianceScaling", "config": {"seed": null, "distribution": "uniform", "scale": 1.0, "mode": "fan_avg"}}, "bias_initializer": {"class_name": "Zeros", "config": {}}, "bias_regularizer": null, "depthwise_constraint": null, "trainable": true, "depth_multiplier": 1}, "inbound_nodes": [[["block_12_expand_relu", 0, 0, {}]]], "name": "block_12_depthwise", "class_name": "DepthwiseConv2D"}, {"config": {"scale": true, "beta_constraint": null, "center": true, "axis": -1, "beta_initializer": {"class_name": "Zeros", "config": {}}, "gamma_constraint": null, "trainable": true, "name": "block_12_depthwise_BN", "moving_mean_initializer": {"class_name": "Zeros", "config": {}}, "moving_variance_initializer": {"class_name": "Ones", "config": {}}, "momentum": 0.999, "gamma_regularizer": null, "beta_regularizer": null, "epsilon": 0.001, "gamma_initializer": {"class_name": "Ones", "config": {}}}, "inbound_nodes": [[["block_12_depthwise", 0, 0, {}]]], "name": "block_12_depthwise_BN", "class_name": "BatchNormalization"}, {"config": {"max_value": 6.0, "negative_slope": 0.0, "threshold": 0.0, "trainable": true, "name": "block_12_depthwise_relu"}, "inbound_nodes": [[["block_12_depthwise_BN", 0, 0, {}]]], "name": "block_12_depthwise_relu", "class_name": "ReLU"}, {"config": {"kernel_size": [1, 1], "kernel_initializer": {"class_name": "VarianceScaling", "config": {"seed": null, "distribution": "uniform", "scale": 1.0, "mode": "fan_avg"}}, "activity_regularizer": null, "bias_constraint": null, "kernel_constraint": null, "kernel_regularizer": null, "dilation_rate": [1, 1], "data_format": "channels_last", "filters": 96, "strides": [1, 1], "use_bias": false, "name": "block_12_project", "trainable": true, "bias_initializer": {"class_name": "Zeros", "config": {}}, "bias_regularizer": null, "padding": "same", "activation": "linear"}, "inbound_nodes": [[["block_12_depthwise_relu", 0, 0, {}]]], "name": "block_12_project", "class_name": "Conv2D"}, {"config": {"scale": true, "beta_constraint": null, "center": true, "axis": -1, "beta_initializer": {"class_name": "Zeros", "config": {}}, "gamma_constraint": null, "trainable": true, "name": "block_12_project_BN", "moving_mean_initializer": {"class_name": "Zeros", "config": {}}, "moving_variance_initializer": {"class_name": "Ones", "config": {}}, "momentum": 0.999, "gamma_regularizer": null, "beta_regularizer": null, "epsilon": 0.001, "gamma_initializer": {"class_name": "Ones", "config": {}}}, "inbound_nodes": [[["block_12_project", 0, 0, {}]]], "name": "block_12_project_BN", "class_name": "BatchNormalization"}, {"config": {"name": "block_12_add", "trainable": true}, "inbound_nodes": [[["block_11_add", 0, 0, {}], ["block_12_project_BN", 0, 0, {}]]], "name": "block_12_add", "class_name": "Add"}, {"config": {"kernel_size": [1, 1], "kernel_initializer": {"class_name": "VarianceScaling", "config": {"seed": null, "distribution": "uniform", "scale": 1.0, "mode": "fan_avg"}}, "activity_regularizer": null, "bias_constraint": null, "kernel_constraint": null, "kernel_regularizer": null, "dilation_rate": [1, 1], "data_format": "channels_last", "filters": 576, "strides": [1, 1], "use_bias": false, "name": "block_13_expand", "trainable": true, "bias_initializer": {"class_name": "Zeros", "config": {}}, "bias_regularizer": null, "padding": "same", "activation": "linear"}, "inbound_nodes": [[["block_12_add", 0, 0, {}]]], "name": "block_13_expand", "class_name": "Conv2D"}, {"config": {"scale": true, "beta_constraint": null, "center": true, "axis": -1, "beta_initializer": {"class_name": "Zeros", "config": {}}, "gamma_constraint": null, "trainable": true, "name": "block_13_expand_BN", "moving_mean_initializer": {"class_name": "Zeros", "config": {}}, "moving_variance_initializer": {"class_name": "Ones", "config": {}}, "momentum": 0.999, "gamma_regularizer": null, "beta_regularizer": null, "epsilon": 0.001, "gamma_initializer": {"class_name": "Ones", "config": {}}}, "inbound_nodes": [[["block_13_expand", 0, 0, {}]]], "name": "block_13_expand_BN", "class_name": "BatchNormalization"}, {"config": {"max_value": 6.0, "negative_slope": 0.0, "threshold": 0.0, "trainable": true, "name": "block_13_expand_relu"}, "inbound_nodes": [[["block_13_expand_BN", 0, 0, {}]]], "name": "block_13_expand_relu", "class_name": "ReLU"}, {"config": {"padding": [[0, 1], [0, 1]], "trainable": true, "name": "block_13_pad", "data_format": "channels_last"}, "inbound_nodes": [[["block_13_expand_relu", 0, 0, {}]]], "name": "block_13_pad", "class_name": "ZeroPadding2D"}, {"config": {"kernel_size": [3, 3], "activation": "linear", "activity_regularizer": null, "padding": "valid", "strides": [2, 2], "depthwise_regularizer": null, "dilation_rate": [1, 1], "data_format": "channels_last", "bias_constraint": null, "use_bias": false, "name": "block_13_depthwise", "depthwise_initializer": {"class_name": "VarianceScaling", "config": {"seed": null, "distribution": "uniform", "scale": 1.0, "mode": "fan_avg"}}, "bias_initializer": {"class_name": "Zeros", "config": {}}, "bias_regularizer": null, "depthwise_constraint": null, "trainable": true, "depth_multiplier": 1}, "inbound_nodes": [[["block_13_pad", 0, 0, {}]]], "name": "block_13_depthwise", "class_name": "DepthwiseConv2D"}, {"config": {"scale": true, "beta_constraint": null, "center": true, "axis": -1, "beta_initializer": {"class_name": "Zeros", "config": {}}, "gamma_constraint": null, "trainable": true, "name": "block_13_depthwise_BN", "moving_mean_initializer": {"class_name": "Zeros", "config": {}}, "moving_variance_initializer": {"class_name": "Ones", "config": {}}, "momentum": 0.999, "gamma_regularizer": null, "beta_regularizer": null, "epsilon": 0.001, "gamma_initializer": {"class_name": "Ones", "config": {}}}, "inbound_nodes": [[["block_13_depthwise", 0, 0, {}]]], "name": "block_13_depthwise_BN", "class_name": "BatchNormalization"}, {"config": {"max_value": 6.0, "negative_slope": 0.0, "threshold": 0.0, "trainable": true, "name": "block_13_depthwise_relu"}, "inbound_nodes": [[["block_13_depthwise_BN", 0, 0, {}]]], "name": "block_13_depthwise_relu", "class_name": "ReLU"}, {"config": {"kernel_size": [1, 1], "kernel_initializer": {"class_name": "VarianceScaling", "config": {"seed": null, "distribution": "uniform", "scale": 1.0, "mode": "fan_avg"}}, "activity_regularizer": null, "bias_constraint": null, "kernel_constraint": null, "kernel_regularizer": null, "dilation_rate": [1, 1], "data_format": "channels_last", "filters": 160, "strides": [1, 1], "use_bias": false, "name": "block_13_project", "trainable": true, "bias_initializer": {"class_name": "Zeros", "config": {}}, "bias_regularizer": null, "padding": "same", "activation": "linear"}, "inbound_nodes": [[["block_13_depthwise_relu", 0, 0, {}]]], "name": "block_13_project", "class_name": "Conv2D"}, {"config": {"scale": true, "beta_constraint": null, "center": true, "axis": -1, "beta_initializer": {"class_name": "Zeros", "config": {}}, "gamma_constraint": null, "trainable": true, "name": "block_13_project_BN", "moving_mean_initializer": {"class_name": "Zeros", "config": {}}, "moving_variance_initializer": {"class_name": "Ones", "config": {}}, "momentum": 0.999, "gamma_regularizer": null, "beta_regularizer": null, "epsilon": 0.001, "gamma_initializer": {"class_name": "Ones", "config": {}}}, "inbound_nodes": [[["block_13_project", 0, 0, {}]]], "name": "block_13_project_BN", "class_name": "BatchNormalization"}, {"config": {"kernel_size": [1, 1], "kernel_initializer": {"class_name": "VarianceScaling", "config": {"seed": null, "distribution": "uniform", "scale": 1.0, "mode": "fan_avg"}}, "activity_regularizer": null, "bias_constraint": null, "kernel_constraint": null, "kernel_regularizer": null, "dilation_rate": [1, 1], "data_format": "channels_last", "filters": 960, "strides": [1, 1], "use_bias": false, "name": "block_14_expand", "trainable": true, "bias_initializer": {"class_name": "Zeros", "config": {}}, "bias_regularizer": null, "padding": "same", "activation": "linear"}, "inbound_nodes": [[["block_13_project_BN", 0, 0, {}]]], "name": "block_14_expand", "class_name": "Conv2D"}, {"config": {"scale": true, "beta_constraint": null, "center": true, "axis": -1, "beta_initializer": {"class_name": "Zeros", "config": {}}, "gamma_constraint": null, "trainable": true, "name": "block_14_expand_BN", "moving_mean_initializer": {"class_name": "Zeros", "config": {}}, "moving_variance_initializer": {"class_name": "Ones", "config": {}}, "momentum": 0.999, "gamma_regularizer": null, "beta_regularizer": null, "epsilon": 0.001, "gamma_initializer": {"class_name": "Ones", "config": {}}}, "inbound_nodes": [[["block_14_expand", 0, 0, {}]]], "name": "block_14_expand_BN", "class_name": "BatchNormalization"}, {"config": {"max_value": 6.0, "negative_slope": 0.0, "threshold": 0.0, "trainable": true, "name": "block_14_expand_relu"}, "inbound_nodes": [[["block_14_expand_BN", 0, 0, {}]]], "name": "block_14_expand_relu", "class_name": "ReLU"}, {"config": {"kernel_size": [3, 3], "activation": "linear", "activity_regularizer": null, "padding": "same", "strides": [1, 1], "depthwise_regularizer": null, "dilation_rate": [1, 1], "data_format": "channels_last", "bias_constraint": null, "use_bias": false, "name": "block_14_depthwise", "depthwise_initializer": {"class_name": "VarianceScaling", "config": {"seed": null, "distribution": "uniform", "scale": 1.0, "mode": "fan_avg"}}, "bias_initializer": {"class_name": "Zeros", "config": {}}, "bias_regularizer": null, "depthwise_constraint": null, "trainable": true, "depth_multiplier": 1}, "inbound_nodes": [[["block_14_expand_relu", 0, 0, {}]]], "name": "block_14_depthwise", "class_name": "DepthwiseConv2D"}, {"config": {"scale": true, "beta_constraint": null, "center": true, "axis": -1, "beta_initializer": {"class_name": "Zeros", "config": {}}, "gamma_constraint": null, "trainable": true, "name": "block_14_depthwise_BN", "moving_mean_initializer": {"class_name": "Zeros", "config": {}}, "moving_variance_initializer": {"class_name": "Ones", "config": {}}, "momentum": 0.999, "gamma_regularizer": null, "beta_regularizer": null, "epsilon": 0.001, "gamma_initializer": {"class_name": "Ones", "config": {}}}, "inbound_nodes": [[["block_14_depthwise", 0, 0, {}]]], "name": "block_14_depthwise_BN", "class_name": "BatchNormalization"}, {"config": {"max_value": 6.0, "negative_slope": 0.0, "threshold": 0.0, "trainable": true, "name": "block_14_depthwise_relu"}, "inbound_nodes": [[["block_14_depthwise_BN", 0, 0, {}]]], "name": "block_14_depthwise_relu", "class_name": "ReLU"}, {"config": {"kernel_size": [1, 1], "kernel_initializer": {"class_name": "VarianceScaling", "config": {"seed": null, "distribution": "uniform", "scale": 1.0, "mode": "fan_avg"}}, "activity_regularizer": null, "bias_constraint": null, "kernel_constraint": null, "kernel_regularizer": null, "dilation_rate": [1, 1], "data_format": "channels_last", "filters": 160, "strides": [1, 1], "use_bias": false, "name": "block_14_project", "trainable": true, "bias_initializer": {"class_name": "Zeros", "config": {}}, "bias_regularizer": null, "padding": "same", "activation": "linear"}, "inbound_nodes": [[["block_14_depthwise_relu", 0, 0, {}]]], "name": "block_14_project", "class_name": "Conv2D"}, {"config": {"scale": true, "beta_constraint": null, "center": true, "axis": -1, "beta_initializer": {"class_name": "Zeros", "config": {}}, "gamma_constraint": null, "trainable": true, "name": "block_14_project_BN", "moving_mean_initializer": {"class_name": "Zeros", "config": {}}, "moving_variance_initializer": {"class_name": "Ones", "config": {}}, "momentum": 0.999, "gamma_regularizer": null, "beta_regularizer": null, "epsilon": 0.001, "gamma_initializer": {"class_name": "Ones", "config": {}}}, "inbound_nodes": [[["block_14_project", 0, 0, {}]]], "name": "block_14_project_BN", "class_name": "BatchNormalization"}, {"config": {"name": "block_14_add", "trainable": true}, "inbound_nodes": [[["block_13_project_BN", 0, 0, {}], ["block_14_project_BN", 0, 0, {}]]], "name": "block_14_add", "class_name": "Add"}, {"config": {"kernel_size": [1, 1], "kernel_initializer": {"class_name": "VarianceScaling", "config": {"seed": null, "distribution": "uniform", "scale": 1.0, "mode": "fan_avg"}}, "activity_regularizer": null, "bias_constraint": null, "kernel_constraint": null, "kernel_regularizer": null, "dilation_rate": [1, 1], "data_format": "channels_last", "filters": 960, "strides": [1, 1], "use_bias": false, "name": "block_15_expand", "trainable": true, "bias_initializer": {"class_name": "Zeros", "config": {}}, "bias_regularizer": null, "padding": "same", "activation": "linear"}, "inbound_nodes": [[["block_14_add", 0, 0, {}]]], "name": "block_15_expand", "class_name": "Conv2D"}, {"config": {"scale": true, "beta_constraint": null, "center": true, "axis": -1, "beta_initializer": {"class_name": "Zeros", "config": {}}, "gamma_constraint": null, "trainable": true, "name": "block_15_expand_BN", "moving_mean_initializer": {"class_name": "Zeros", "config": {}}, "moving_variance_initializer": {"class_name": "Ones", "config": {}}, "momentum": 0.999, "gamma_regularizer": null, "beta_regularizer": null, "epsilon": 0.001, "gamma_initializer": {"class_name": "Ones", "config": {}}}, "inbound_nodes": [[["block_15_expand", 0, 0, {}]]], "name": "block_15_expand_BN", "class_name": "BatchNormalization"}, {"config": {"max_value": 6.0, "negative_slope": 0.0, "threshold": 0.0, "trainable": true, "name": "block_15_expand_relu"}, "inbound_nodes": [[["block_15_expand_BN", 0, 0, {}]]], "name": "block_15_expand_relu", "class_name": "ReLU"}, {"config": {"kernel_size": [3, 3], "activation": "linear", "activity_regularizer": null, "padding": "same", "strides": [1, 1], "depthwise_regularizer": null, "dilation_rate": [1, 1], "data_format": "channels_last", "bias_constraint": null, "use_bias": false, "name": "block_15_depthwise", "depthwise_initializer": {"class_name": "VarianceScaling", "config": {"seed": null, "distribution": "uniform", "scale": 1.0, "mode": "fan_avg"}}, "bias_initializer": {"class_name": "Zeros", "config": {}}, "bias_regularizer": null, "depthwise_constraint": null, "trainable": true, "depth_multiplier": 1}, "inbound_nodes": [[["block_15_expand_relu", 0, 0, {}]]], "name": "block_15_depthwise", "class_name": "DepthwiseConv2D"}, {"config": {"scale": true, "beta_constraint": null, "center": true, "axis": -1, "beta_initializer": {"class_name": "Zeros", "config": {}}, "gamma_constraint": null, "trainable": true, "name": "block_15_depthwise_BN", "moving_mean_initializer": {"class_name": "Zeros", "config": {}}, "moving_variance_initializer": {"class_name": "Ones", "config": {}}, "momentum": 0.999, "gamma_regularizer": null, "beta_regularizer": null, "epsilon": 0.001, "gamma_initializer": {"class_name": "Ones", "config": {}}}, "inbound_nodes": [[["block_15_depthwise", 0, 0, {}]]], "name": "block_15_depthwise_BN", "class_name": "BatchNormalization"}, {"config": {"max_value": 6.0, "negative_slope": 0.0, "threshold": 0.0, "trainable": true, "name": "block_15_depthwise_relu"}, "inbound_nodes": [[["block_15_depthwise_BN", 0, 0, {}]]], "name": "block_15_depthwise_relu", "class_name": "ReLU"}, {"config": {"kernel_size": [1, 1], "kernel_initializer": {"class_name": "VarianceScaling", "config": {"seed": null, "distribution": "uniform", "scale": 1.0, "mode": "fan_avg"}}, "activity_regularizer": null, "bias_constraint": null, "kernel_constraint": null, "kernel_regularizer": null, "dilation_rate": [1, 1], "data_format": "channels_last", "filters": 160, "strides": [1, 1], "use_bias": false, "name": "block_15_project", "trainable": true, "bias_initializer": {"class_name": "Zeros", "config": {}}, "bias_regularizer": null, "padding": "same", "activation": "linear"}, "inbound_nodes": [[["block_15_depthwise_relu", 0, 0, {}]]], "name": "block_15_project", "class_name": "Conv2D"}, {"config": {"scale": true, "beta_constraint": null, "center": true, "axis": -1, "beta_initializer": {"class_name": "Zeros", "config": {}}, "gamma_constraint": null, "trainable": true, "name": "block_15_project_BN", "moving_mean_initializer": {"class_name": "Zeros", "config": {}}, "moving_variance_initializer": {"class_name": "Ones", "config": {}}, "momentum": 0.999, "gamma_regularizer": null, "beta_regularizer": null, "epsilon": 0.001, "gamma_initializer": {"class_name": "Ones", "config": {}}}, "inbound_nodes": [[["block_15_project", 0, 0, {}]]], "name": "block_15_project_BN", "class_name": "BatchNormalization"}, {"config": {"name": "block_15_add", "trainable": true}, "inbound_nodes": [[["block_14_add", 0, 0, {}], ["block_15_project_BN", 0, 0, {}]]], "name": "block_15_add", "class_name": "Add"}, {"config": {"kernel_size": [1, 1], "kernel_initializer": {"class_name": "VarianceScaling", "config": {"seed": null, "distribution": "uniform", "scale": 1.0, "mode": "fan_avg"}}, "activity_regularizer": null, "bias_constraint": null, "kernel_constraint": null, "kernel_regularizer": null, "dilation_rate": [1, 1], "data_format": "channels_last", "filters": 960, "strides": [1, 1], "use_bias": false, "name": "block_16_expand", "trainable": true, "bias_initializer": {"class_name": "Zeros", "config": {}}, "bias_regularizer": null, "padding": "same", "activation": "linear"}, "inbound_nodes": [[["block_15_add", 0, 0, {}]]], "name": "block_16_expand", "class_name": "Conv2D"}, {"config": {"scale": true, "beta_constraint": null, "center": true, "axis": -1, "beta_initializer": {"class_name": "Zeros", "config": {}}, "gamma_constraint": null, "trainable": true, "name": "block_16_expand_BN", "moving_mean_initializer": {"class_name": "Zeros", "config": {}}, "moving_variance_initializer": {"class_name": "Ones", "config": {}}, "momentum": 0.999, "gamma_regularizer": null, "beta_regularizer": null, "epsilon": 0.001, "gamma_initializer": {"class_name": "Ones", "config": {}}}, "inbound_nodes": [[["block_16_expand", 0, 0, {}]]], "name": "block_16_expand_BN", "class_name": "BatchNormalization"}, {"config": {"max_value": 6.0, "negative_slope": 0.0, "threshold": 0.0, "trainable": true, "name": "block_16_expand_relu"}, "inbound_nodes": [[["block_16_expand_BN", 0, 0, {}]]], "name": "block_16_expand_relu", "class_name": "ReLU"}, {"config": {"kernel_size": [3, 3], "activation": "linear", "activity_regularizer": null, "padding": "same", "strides": [1, 1], "depthwise_regularizer": null, "dilation_rate": [1, 1], "data_format": "channels_last", "bias_constraint": null, "use_bias": false, "name": "block_16_depthwise", "depthwise_initializer": {"class_name": "VarianceScaling", "config": {"seed": null, "distribution": "uniform", "scale": 1.0, "mode": "fan_avg"}}, "bias_initializer": {"class_name": "Zeros", "config": {}}, "bias_regularizer": null, "depthwise_constraint": null, "trainable": true, "depth_multiplier": 1}, "inbound_nodes": [[["block_16_expand_relu", 0, 0, {}]]], "name": "block_16_depthwise", "class_name": "DepthwiseConv2D"}, {"config": {"scale": true, "beta_constraint": null, "center": true, "axis": -1, "beta_initializer": {"class_name": "Zeros", "config": {}}, "gamma_constraint": null, "trainable": true, "name": "block_16_depthwise_BN", "moving_mean_initializer": {"class_name": "Zeros", "config": {}}, "moving_variance_initializer": {"class_name": "Ones", "config": {}}, "momentum": 0.999, "gamma_regularizer": null, "beta_regularizer": null, "epsilon": 0.001, "gamma_initializer": {"class_name": "Ones", "config": {}}}, "inbound_nodes": [[["block_16_depthwise", 0, 0, {}]]], "name": "block_16_depthwise_BN", "class_name": "BatchNormalization"}, {"config": {"max_value": 6.0, "negative_slope": 0.0, "threshold": 0.0, "trainable": true, "name": "block_16_depthwise_relu"}, "inbound_nodes": [[["block_16_depthwise_BN", 0, 0, {}]]], "name": "block_16_depthwise_relu", "class_name": "ReLU"}, {"config": {"kernel_size": [1, 1], "kernel_initializer": {"class_name": "VarianceScaling", "config": {"seed": null, "distribution": "uniform", "scale": 1.0, "mode": "fan_avg"}}, "activity_regularizer": null, "bias_constraint": null, "kernel_constraint": null, "kernel_regularizer": null, "dilation_rate": [1, 1], "data_format": "channels_last", "filters": 320, "strides": [1, 1], "use_bias": false, "name": "block_16_project", "trainable": true, "bias_initializer": {"class_name": "Zeros", "config": {}}, "bias_regularizer": null, "padding": "same", "activation": "linear"}, "inbound_nodes": [[["block_16_depthwise_relu", 0, 0, {}]]], "name": "block_16_project", "class_name": "Conv2D"}, {"config": {"scale": true, "beta_constraint": null, "center": true, "axis": -1, "beta_initializer": {"class_name": "Zeros", "config": {}}, "gamma_constraint": null, "trainable": true, "name": "block_16_project_BN", "moving_mean_initializer": {"class_name": "Zeros", "config": {}}, "moving_variance_initializer": {"class_name": "Ones", "config": {}}, "momentum": 0.999, "gamma_regularizer": null, "beta_regularizer": null, "epsilon": 0.001, "gamma_initializer": {"class_name": "Ones", "config": {}}}, "inbound_nodes": [[["block_16_project", 0, 0, {}]]], "name": "block_16_project_BN", "class_name": "BatchNormalization"}, {"config": {"kernel_size": [1, 1], "kernel_initializer": {"class_name": "VarianceScaling", "config": {"seed": null, "distribution": "uniform", "scale": 1.0, "mode": "fan_avg"}}, "activity_regularizer": null, "bias_constraint": null, "kernel_constraint": null, "kernel_regularizer": null, "dilation_rate": [1, 1], "data_format": "channels_last", "filters": 1280, "strides": [1, 1], "use_bias": false, "name": "Conv_1", "trainable": true, "bias_initializer": {"class_name": "Zeros", "config": {}}, "bias_regularizer": null, "padding": "valid", "activation": "linear"}, "inbound_nodes": [[["block_16_project_BN", 0, 0, {}]]], "name": "Conv_1", "class_name": "Conv2D"}, {"config": {"scale": true, "beta_constraint": null, "center": true, "axis": -1, "beta_initializer": {"class_name": "Zeros", "config": {}}, "gamma_constraint": null, "trainable": true, "name": "Conv_1_bn", "moving_mean_initializer": {"class_name": "Zeros", "config": {}}, "moving_variance_initializer": {"class_name": "Ones", "config": {}}, "momentum": 0.999, "gamma_regularizer": null, "beta_regularizer": null, "epsilon": 0.001, "gamma_initializer": {"class_name": "Ones", "config": {}}}, "inbound_nodes": [[["Conv_1", 0, 0, {}]]], "name": "Conv_1_bn", "class_name": "BatchNormalization"}, {"config": {"max_value": 6.0, "negative_slope": 0.0, "threshold": 0.0, "trainable": true, "name": "out_relu"}, "inbound_nodes": [[["Conv_1_bn", 0, 0, {}]]], "name": "out_relu", "class_name": "ReLU"}, {"config": {"trainable": true, "name": "global_average_pooling2d_1", "data_format": "channels_last"}, "inbound_nodes": [[["out_relu", 0, 0, {}]]], "name": "global_average_pooling2d_1", "class_name": "GlobalAveragePooling2D"}, {"config": {"kernel_initializer": {"class_name": "VarianceScaling", "config": {"seed": null, "distribution": "uniform", "scale": 1.0, "mode": "fan_avg"}}, "activity_regularizer": null, "kernel_constraint": null, "bias_constraint": null, "kernel_regularizer": null, "trainable": true, "use_bias": true, "name": "dense_1", "units": 9, "bias_initializer": {"class_name": "Zeros", "config": {}}, "bias_regularizer": null, "activation": "softmax"}, "inbound_nodes": [[["global_average_pooling2d_1", 0, 0, {}]]], "name": "dense_1", "class_name": "Dense"}], "input_layers": [["input_1", 0, 0]]}}